actual_number,actual_result
300,17.32050808
301,17.34935157
302,17.3781472
303,17.40689519
304,17.43559577
305,17.4642492
10,3.16227766
11,3.31662479
12,3.464101615
13,3.605551275
14,3.741657387
15,3.872983346
16,4
17,4.123105626
18,4.242640687
19,4.358898944
20,4.472135955
21,4.582575695
22,4.69041576
23,4.795831523
24,4.898979486
25,5