actual_number,actual_result
10,3.16227766
11,3.31662479
12,3.464101615
13,3.605551275
14,3.741657387
15,3.872983346
16,4
17,4.123105626
18,4.242640687
19,4.358898944
20,4.472135955
21,4.582575695
22,4.69041576
23,4.795831523
24,4.898979486
25,5
26,5.099019514
27,5.196152423
28,5.291502622
29,5.385164807
30,5.477225575
31,5.567764363
32,5.656854249
33,5.744562647
34,5.830951895
35,5.916079783
36,6
37,6.08276253
38,6.164414003
39,6.244997998
40,6.32455532
41,6.403124237
42,6.480740698
43,6.557438524
44,6.633249581
45,6.708203932
46,6.782329983
47,6.8556546
48,6.92820323
49,7
50,7.071067812
51,7.141428429
52,7.211102551
53,7.280109889
54,7.348469228
55,7.416198487
56,7.483314774
57,7.549834435
58,7.615773106
59,7.681145748
60,7.745966692
61,7.810249676
62,7.874007874
63,7.937253933
64,8
65,8.062257748
66,8.124038405
67,8.185352772
68,8.246211251
69,8.306623863
70,8.366600265
71,8.426149773
72,8.485281374
73,8.544003745
74,8.602325267
75,8.660254038
76,8.717797887
77,8.774964387
78,8.831760866
79,8.888194417
80,8.94427191
81,9
82,9.055385138
83,9.110433579
84,9.16515139
85,9.219544457
86,9.273618495
87,9.327379053
88,9.38083152
89,9.433981132
90,9.486832981
91,9.539392014
92,9.591663047
93,9.643650761
94,9.695359715
95,9.746794345
96,9.797958971
97,9.848857802
98,9.899494937
99,9.949874371
100,10
101,10.04987562
102,10.09950494
103,10.14889157
104,10.19803903
105,10.24695077
106,10.29563014
107,10.34408043
108,10.39230485
109,10.44030651
110,10.48808848
111,10.53565375
112,10.58300524
113,10.63014581
114,10.67707825
115,10.72380529
1000,31.6227766
1001,31.63858404
1002,31.65438358
1003,31.67017524
1004,31.68595904
1005,31.70173497
30000,173.2050808
30000,173.2050808
30000,173.2050808
30000,173.2050808
30000,173.2050808
30000,173.2050808
30000,173.2050808
30000,173.2050808
15000,122.4744871
15001,122.4785696
15002,122.4826518
15003,122.486734
15004,122.490816
15005,122.4948979
15006,122.4989796
15007,122.5030612
15008,122.5071426
15009,122.511224
15010,122.5153052
15011,122.5193862
15012,122.5234671
45313,212.868504
45314,212.8708529
45315,212.8732017
45316,212.8755505
45317,212.8778993
45318,212.880248
45319,212.8825968
45320,212.8849455
45321,212.8872941
